{
    "num_partitions": 1,
    "random_state": 42,
    "num_trials": 10,
    "fit_time": 11.059382677078247,
    "score": 0.8462222222222223
}