{
    "num_partitions": 1,
    "random_state": 42,
    "num_trials": 10,
    "fit_time": 19.133385181427002,
    "score": 0.9055106382978723
}