{
    "num_partitions": 1,
    "random_state": 42,
    "num_trials": 10,
    "fit_time": 74.43614792823792,
    "score": 0.8640844756399669
}