{
    "num_partitions": 1,
    "random_state": 42,
    "num_trials": 10,
    "fit_time": 6.819388151168823,
    "score": 0.8528888888888888
}