{
    "num_partitions": 1,
    "random_state": 42,
    "num_trials": 10,
    "fit_time": 8.35027003288269,
    "score": 0.8322666666666667
}