{
    "num_partitions": 1,
    "random_state": 42,
    "num_trials": 10,
    "fit_time": 15.84557843208313,
    "score": 0.9726743801652893
}