{
    "num_partitions": 1,
    "random_state": 42,
    "num_trials": 10,
    "fit_time": 18.178131341934204,
    "score": 0.9737256198347108
}