{
    "num_partitions": 1,
    "random_state": 42,
    "num_trials": 10,
    "fit_time": 67.51965403556824,
    "score": 0.8676614368290668
}