{
    "num_partitions": 1,
    "random_state": 42,
    "num_trials": 10,
    "fit_time": 90.94742560386658,
    "score": 0.8677219653179191
}