{
    "num_partitions": 1,
    "random_state": 42,
    "num_trials": 10,
    "fit_time": 262.91926074028015,
    "score": 0.7799026791277258
}