{
    "num_partitions": 1,
    "random_state": 42,
    "num_trials": 10,
    "fit_time": 290.3524401187897,
    "score": 0.7802080650744203
}