{
    "num_partitions": 1,
    "random_state": 42,
    "num_trials": 10,
    "fit_time": 31.661332368850708,
    "score": 0.9921328671328672
}