{
    "num_partitions": 1,
    "random_state": 42,
    "num_trials": 10,
    "fit_time": 78.7159194946289,
    "score": 0.8491385631709332
}