{
    "num_partitions": 1,
    "random_state": 42,
    "num_trials": 10,
    "fit_time": 22.11484408378601,
    "score": 0.8579479166666667
}