{
    "num_partitions": 1,
    "random_state": 42,
    "num_trials": 10,
    "fit_time": 16.578038215637207,
    "score": 0.958697520661157
}