{
    "num_partitions": 1,
    "random_state": 42,
    "num_trials": 10,
    "fit_time": 18.726106643676758,
    "score": 0.961203305785124
}