{
    "num_partitions": 1,
    "random_state": 42,
    "num_trials": 10,
    "fit_time": 100.58947491645813,
    "score": 0.8447234867227446
}