epr_proba,diff_proba,perm_proba_janardhan,perm_proba_mtbpen,perm_proba_lepori_mtb,perm_proba_lepori_msm
0.68546062707901,0.3149673367540042,0.5751895010471344,0.5716367562611898,0.7934802174568176,0.8318572243054708
0.5357474287350973,0.6762403647104899,0.4511999388535817,0.119990836828947,0.4049947659174601,0.4513186117013295
0.860273540019989,0.3931344052155812,0.2072287847598393,0.3215685089429219,0.7895258267720541,0.7412407398223877
