epr_proba,diff_proba,perm_proba_janardhan,perm_proba_mtbpen,perm_proba_lepori_mtb,perm_proba_lepori_msm
0.6818113704646341,0.31080438749239037,0.5712155934560894,0.5713889092309978,0.7952267916453861,0.8335678546599326
0.5285643573182424,0.6735553338883533,0.4512240366690088,0.1182334743750734,0.4069503504222422,0.4536748775512475
0.85556028588549,0.39641650472793977,0.2053287332491397,0.3199538796729164,0.791218841565446,0.7431460733025005
