{
    "num_partitions": 1,
    "random_state": 42,
    "num_trials": 10,
    "fit_time": 90.68093729019165,
    "score": 0.8453087530966142
}