{
    "num_partitions": 1,
    "random_state": 42,
    "num_trials": 10,
    "fit_time": 82.90967679023743,
    "score": 0.8503421139554088
}